商品名,価格,URL
【30％OFF】◇ ゆったり スウェットプルパーカー,2912.0,https://www.bloomlatte.jp/items/36495313
◆  ドット柄 ボウタイブラウスリボンタイ,3170.0,https://www.bloomlatte.jp/items/137329116
◆  パール付きスカーフタイシャツブラウス上品,5100.0,https://www.bloomlatte.jp/items/137329123
◆  オフショルダーシャツタンクトップ重ね着風,3500.0,https://www.bloomlatte.jp/items/137329130
◆  ダブルジップニットカーディガン 羽織,5160.0,https://www.bloomlatte.jp/items/137329132
◆  ドット柄ビスチェレイヤード風ブラウス長袖,5430.0,https://www.bloomlatte.jp/items/137329134
◆  レース切り替えTシャツフェミニントップス,3320.0,https://www.bloomlatte.jp/items/137329136
◆ 透かし編みニットカーディガン,3390.0,https://www.bloomlatte.jp/items/137329141
◆  ニットトップスレース切り替えブラウス,3600.0,https://www.bloomlatte.jp/items/137329149
◇ 着やせ効果 オーバーサイズ ロンT・２色,2890.0,https://www.bloomlatte.jp/items/26962914
◆  チェックシャツ ショート丈 長袖トップス,3820.0,https://www.bloomlatte.jp/items/137329150
◆  ワイドパンツ フリル,3030.0,https://www.bloomlatte.jp/items/137329152
【10％OFF】◆  ニットカーディガン レディース,4644.0,https://www.bloomlatte.jp/items/137329113
【10％OFF】◆  ニットセットアップ 上下セット 配色,5004.0,https://www.bloomlatte.jp/items/122878594
◆ チェック柄ドッキングニット,4460.0,https://www.bloomlatte.jp/items/124680743
◆  バックスリットテーラードジャケット,4140.0,https://www.bloomlatte.jp/items/120816672
◆  ワイドパンツ レディース,3810.0,https://www.bloomlatte.jp/items/122878602
◆ ハーフジップフリーストップスモックネック,3920.0,https://www.bloomlatte.jp/items/124680714
【10％OFF】◆  カーディガン 編みニット レディース,4482.0,https://www.bloomlatte.jp/items/120816637
◆  テーラードベスト レディースジレ,4980.0,https://www.bloomlatte.jp/items/120816667
【15％OFF】◆  ハイネックニットワンピースゆったり,3885.0,https://www.bloomlatte.jp/items/120816632
◆  ニットワンピース レディース ベルト付き,4290.0,https://www.bloomlatte.jp/items/122878603
【10%OFF】◇フロントボタン ロングスリーブ ニット,2952.0,https://www.bloomlatte.jp/items/39549830
【15％OFF】◆  シャギーニットカーディガンふわふわ,4335.0,https://www.bloomlatte.jp/items/120816626
