ショップ名,URL,プラットフォーム
O (オー),https://store.moc-o.com/,Shopify
NUBIAN,https://nubiantokyo.com/,Shopify
RESTIR,https://www.restir.com/,独自CMS / その他
MIDWEST,https://store-midwest.com/,Shopify
KIKUNOBU,https://kikunobu.jp/,Shopify
1LDK,https://onlinestore.1ldkshop.com/,WordPress (WooCommerce等)
MAIDENS SHOP,https://store-maiden.com/,Shopify
BIOTOP,https://www.junonline.jp/biotop/,Shopify
ARKnets,https://www.arknets.co.jp/,独自CMS / その他
ACRMTSM,https://www.acrmtsm.jp/,独自CMS / その他
HOWDAY,https://howday.official.ec/,BASE
DeepInsideInc.,https://www.deepinsideinc.com/,WordPress (WooCommerce等)
CIENTO,https://www.cientowebstore.com/,MakeShop
Nariwai(業),https://nariwai.theshop.jp/,BASE
ATTIC,https://attic-sendai.com/,Shopify
rroomm,https://www.rroomm.jp/,独自CMS / その他
sister tokyo,https://sister-tokyo.com/,WordPress (WooCommerce等)
